id,pair_type,comet_score
1,base_tf,0.971679151058197
1,base_es,0.9338197112083435
1,tf_es,0.943780779838562
2,base_tf,0.9331899285316467
2,base_es,0.916483461856842
2,tf_es,0.9284715056419373
3,base_tf,0.9583122730255127
3,base_es,0.9388779997825623
3,tf_es,0.9408308863639832
4,base_tf,0.9145136475563049
4,base_es,0.9414625763893127
4,tf_es,0.8893851041793823
5,base_tf,0.9125539064407349
5,base_es,0.9302222728729248
5,tf_es,0.8642087578773499
6,base_tf,0.9568012356758118
6,base_es,0.9222432971000671
6,tf_es,0.9140689969062805
7,base_tf,0.9316487908363342
7,base_es,0.9297420382499695
7,tf_es,0.9230767488479614
8,base_tf,0.9244447350502014
8,base_es,0.9266594052314758
8,tf_es,0.9110931158065796
9,base_tf,0.9409562945365906
9,base_es,0.9403415322303772
9,tf_es,0.9441039562225342
10,base_tf,0.9285517334938049
10,base_es,0.9141302704811096
10,tf_es,0.8969431519508362
11,base_tf,0.9541018009185791
11,base_es,0.9667369723320007
11,tf_es,0.9440215826034546
12,base_tf,0.9298651218414307
12,base_es,0.8937814831733704
12,tf_es,0.9357318878173828
13,base_tf,0.9303916692733765
13,base_es,0.9117355942726135
13,tf_es,0.9432575106620789
14,base_tf,0.9160980582237244
14,base_es,0.9358026385307312
14,tf_es,0.8897117972373962
15,base_tf,0.9463102221488953
15,base_es,0.9212902188301086
15,tf_es,0.909232497215271
16,base_tf,0.884501576423645
16,base_es,0.8897673487663269
16,tf_es,0.8800237774848938
17,base_tf,0.8854788541793823
17,base_es,0.8875777125358582
17,tf_es,0.8310518860816956
18,base_tf,0.9304396510124207
18,base_es,0.9128243327140808
18,tf_es,0.8714130520820618
19,base_tf,0.8583954572677612
19,base_es,0.8719913363456726
19,tf_es,0.8626160025596619
20,base_tf,0.96951824426651
20,base_es,0.9673358201980591
20,tf_es,0.9560961127281189
21,base_tf,0.9368776679039001
21,base_es,0.9386309385299683
21,tf_es,0.9186055064201355
22,base_tf,0.969303548336029
22,base_es,0.8985991477966309
22,tf_es,0.894406795501709
23,base_tf,0.9463452100753784
23,base_es,0.9551490545272827
23,tf_es,0.9438233971595764
24,base_tf,0.9420654773712158
24,base_es,0.9285931587219238
24,tf_es,0.9312156438827515
25,base_tf,0.8774776458740234
25,base_es,0.9139432311058044
25,tf_es,0.8996246457099915
26,base_tf,0.9304667115211487
26,base_es,0.9572254419326782
26,tf_es,0.914804995059967
27,base_tf,0.9577295184135437
27,base_es,0.950305163860321
27,tf_es,0.9450998306274414
28,base_tf,0.9523806571960449
28,base_es,0.9452371597290039
28,tf_es,0.9467738270759583
29,base_tf,0.880084216594696
29,base_es,0.9141632914543152
29,tf_es,0.7979689836502075
30,base_tf,0.9388945698738098
30,base_es,0.9341259002685547
30,tf_es,0.9424408078193665
31,base_tf,0.9570490121841431
31,base_es,0.9653443694114685
31,tf_es,0.9552112221717834
32,base_tf,0.9491121172904968
32,base_es,0.9171732664108276
32,tf_es,0.8911752104759216
33,base_tf,0.9503368139266968
33,base_es,0.9541738629341125
33,tf_es,0.9520105123519897
34,base_tf,0.9673510789871216
34,base_es,0.9619908928871155
34,tf_es,0.9583855271339417
35,base_tf,0.9409990906715393
35,base_es,0.921183168888092
35,tf_es,0.8883265852928162
36,base_tf,0.9615861773490906
36,base_es,0.9568976759910583
36,tf_es,0.9297488331794739
37,base_tf,0.9346572160720825
37,base_es,0.9340261220932007
37,tf_es,0.9016476273536682
38,base_tf,0.9181715250015259
38,base_es,0.9381301403045654
38,tf_es,0.8901345133781433
39,base_tf,0.9459419846534729
39,base_es,0.9505335092544556
39,tf_es,0.9230806231498718
40,base_tf,0.9095004796981812
40,base_es,0.9400330185890198
40,tf_es,0.8867408633232117
41,base_tf,0.9448609948158264
41,base_es,0.9489693641662598
41,tf_es,0.9470020532608032
42,base_tf,0.934339702129364
42,base_es,0.9580068588256836
42,tf_es,0.9263761639595032
43,base_tf,0.9597343802452087
43,base_es,0.9630071520805359
43,tf_es,0.9619867205619812
44,base_tf,0.9487096667289734
44,base_es,0.9549856781959534
44,tf_es,0.9446565508842468
45,base_tf,0.9416200518608093
45,base_es,0.9521574378013611
45,tf_es,0.9354973435401917
46,base_tf,0.9637951254844666
46,base_es,0.9539616703987122
46,tf_es,0.9529274106025696
47,base_tf,0.9521613717079163
47,base_es,0.9493792057037354
47,tf_es,0.9467715620994568
48,base_tf,0.9450171589851379
48,base_es,0.938996434211731
48,tf_es,0.9412510395050049
49,base_tf,0.9604806303977966
49,base_es,0.9648496508598328
49,tf_es,0.9516181349754333
50,base_tf,0.955210268497467
50,base_es,0.9630656838417053
50,tf_es,0.9618440866470337
51,base_tf,0.9404361248016357
51,base_es,0.959566056728363
51,tf_es,0.916510283946991
52,base_tf,0.9507822394371033
52,base_es,0.9399747252464294
52,tf_es,0.9103041291236877
53,base_tf,0.9306621551513672
53,base_es,0.9148552417755127
53,tf_es,0.8715070486068726
54,base_tf,0.9371221661567688
54,base_es,0.9181293845176697
54,tf_es,0.881679117679596
55,base_tf,0.9047453999519348
55,base_es,0.9316229820251465
55,tf_es,0.8691127300262451
56,base_tf,0.9296820759773254
56,base_es,0.93099445104599
56,tf_es,0.9205159544944763
57,base_tf,0.9175389409065247
57,base_es,0.92132169008255
57,tf_es,0.8911493420600891
58,base_tf,0.9305646419525146
58,base_es,0.9316580891609192
58,tf_es,0.9276535511016846
59,base_tf,0.9661860466003418
59,base_es,0.9712429642677307
59,tf_es,0.9675952792167664
60,base_tf,0.9637055993080139
60,base_es,0.9593044519424438
60,tf_es,0.9516452550888062
61,base_tf,0.9499048590660095
61,base_es,0.9570664763450623
61,tf_es,0.9403544068336487
62,base_tf,0.9351455569267273
62,base_es,0.9309234023094177
62,tf_es,0.889263927936554
63,base_tf,0.8692713975906372
63,base_es,0.9168137907981873
63,tf_es,0.8208208680152893
64,base_tf,0.9362034201622009
64,base_es,0.9514911770820618
64,tf_es,0.920183002948761
65,base_tf,0.9557917714118958
65,base_es,0.9599120020866394
65,tf_es,0.9484036564826965
66,base_tf,0.9135738015174866
66,base_es,0.9034839868545532
66,tf_es,0.897849977016449
67,base_tf,0.9435483813285828
67,base_es,0.9304848313331604
67,tf_es,0.9048823118209839
68,base_tf,0.928789496421814
68,base_es,0.9221497178077698
68,tf_es,0.9291155934333801
69,base_tf,0.9319525361061096
69,base_es,0.9415727257728577
69,tf_es,0.9441900253295898
70,base_tf,0.8858635425567627
70,base_es,0.9398716688156128
70,tf_es,0.8816270232200623
71,base_tf,0.9582086205482483
71,base_es,0.9634589552879333
71,tf_es,0.9634647965431213
72,base_tf,0.9493974447250366
72,base_es,0.9265463948249817
72,tf_es,0.9250578284263611
73,base_tf,0.9589601159095764
73,base_es,0.9664912819862366
73,tf_es,0.9413772225379944
74,base_tf,0.9381454586982727
74,base_es,0.9446036219596863
74,tf_es,0.9044573903083801
75,base_tf,0.9309667944908142
75,base_es,0.9602354168891907
75,tf_es,0.915520966053009
76,base_tf,0.9551719427108765
76,base_es,0.9548043608665466
76,tf_es,0.9432981610298157
77,base_tf,0.9407618045806885
77,base_es,0.8950449824333191
77,tf_es,0.8673269152641296
78,base_tf,0.9329181909561157
78,base_es,0.9414256811141968
78,tf_es,0.9415923953056335
79,base_tf,0.95298171043396
79,base_es,0.9620863199234009
79,tf_es,0.9584544897079468
80,base_tf,0.9481425881385803
80,base_es,0.9562647938728333
80,tf_es,0.926279604434967
81,base_tf,0.91758131980896
81,base_es,0.9560864567756653
81,tf_es,0.9080373644828796
82,base_tf,0.93683922290802
82,base_es,0.9362314939498901
82,tf_es,0.8675693869590759
83,base_tf,0.9057376980781555
83,base_es,0.9525745511054993
83,tf_es,0.8607298731803894
84,base_tf,0.9130056500434875
84,base_es,0.8562203049659729
84,tf_es,0.8291090726852417
85,base_tf,0.9338196516036987
85,base_es,0.9530066847801208
85,tf_es,0.9336972236633301
86,base_tf,0.944283127784729
86,base_es,0.9492636919021606
86,tf_es,0.9447557330131531
87,base_tf,0.9129238724708557
87,base_es,0.9429873824119568
87,tf_es,0.8875595927238464
88,base_tf,0.9602513313293457
88,base_es,0.9661672711372375
88,tf_es,0.9605816006660461
89,base_tf,0.8926969170570374
89,base_es,0.9084793925285339
89,tf_es,0.9097440838813782
90,base_tf,0.9379366636276245
90,base_es,0.9505552053451538
90,tf_es,0.8275211453437805
91,base_tf,0.9572705030441284
91,base_es,0.9358543753623962
91,tf_es,0.89017653465271
92,base_tf,0.9337432980537415
92,base_es,0.9476001858711243
92,tf_es,0.9074340462684631
93,base_tf,0.9717615842819214
93,base_es,0.9579538106918335
93,tf_es,0.9564065933227539
94,base_tf,0.9517998099327087
94,base_es,0.943245530128479
94,tf_es,0.9361815452575684
95,base_tf,0.9632583260536194
95,base_es,0.9519979357719421
95,tf_es,0.9413752555847168
96,base_tf,0.8894080519676208
96,base_es,0.8704256415367126
96,tf_es,0.8499931693077087
97,base_tf,0.8640522956848145
97,base_es,0.8838837742805481
97,tf_es,0.8375492095947266
98,base_tf,0.9438639283180237
98,base_es,0.9580780863761902
98,tf_es,0.9223756194114685
99,base_tf,0.9608054757118225
99,base_es,0.9610463976860046
99,tf_es,0.9654555916786194
100,base_tf,0.8935350775718689
100,base_es,0.8645994663238525
100,tf_es,0.8293120265007019
101,base_tf,0.9294560551643372
101,base_es,0.9448615908622742
101,tf_es,0.9118101000785828
102,base_tf,0.9622402191162109
102,base_es,0.9641876816749573
102,tf_es,0.9612535834312439
103,base_tf,0.8979261517524719
103,base_es,0.9314324259757996
103,tf_es,0.8690961599349976
104,base_tf,0.9544209241867065
104,base_es,0.9421793818473816
104,tf_es,0.9069891571998596
105,base_tf,0.9136927723884583
105,base_es,0.9222914576530457
105,tf_es,0.9352768063545227
106,base_tf,0.9573885798454285
106,base_es,0.9418172240257263
106,tf_es,0.9364603757858276
107,base_tf,0.9367069602012634
107,base_es,0.9215019941329956
107,tf_es,0.9330853819847107
108,base_tf,0.952211856842041
108,base_es,0.9571471810340881
108,tf_es,0.9421207308769226
109,base_tf,0.918536365032196
109,base_es,0.9394429326057434
109,tf_es,0.8755692839622498
110,base_tf,0.9475491642951965
110,base_es,0.940421998500824
110,tf_es,0.9303439259529114
111,base_tf,0.9247647523880005
111,base_es,0.9116125702857971
111,tf_es,0.9197112917900085
112,base_tf,0.965606153011322
112,base_es,0.9641066193580627
112,tf_es,0.9603189826011658
113,base_tf,0.9365708231925964
113,base_es,0.938801109790802
113,tf_es,0.9132604002952576
114,base_tf,0.9433767199516296
114,base_es,0.9578794836997986
114,tf_es,0.9168471693992615
115,base_tf,0.9638317823410034
115,base_es,0.9406770467758179
115,tf_es,0.9333563446998596
116,base_tf,0.9506152272224426
116,base_es,0.959166944026947
116,tf_es,0.9459250569343567
117,base_tf,0.9608854651451111
117,base_es,0.9627436399459839
117,tf_es,0.9415040016174316
118,base_tf,0.9300897717475891
118,base_es,0.9141858220100403
118,tf_es,0.8762085437774658
119,base_tf,0.9455062747001648
119,base_es,0.9323133230209351
119,tf_es,0.9334365725517273
120,base_tf,0.9046187400817871
120,base_es,0.9457307457923889
120,tf_es,0.8634116649627686
121,base_tf,0.9461024403572083
121,base_es,0.9391277432441711
121,tf_es,0.9287526607513428
122,base_tf,0.929302453994751
122,base_es,0.9239627718925476
122,tf_es,0.9236273765563965
123,base_tf,0.9305934309959412
123,base_es,0.8989835977554321
123,tf_es,0.9005704522132874
124,base_tf,0.9419351816177368
124,base_es,0.9614902138710022
124,tf_es,0.9042702317237854
125,base_tf,0.9529917240142822
125,base_es,0.9603622555732727
125,tf_es,0.9540851712226868
126,base_tf,0.9708364009857178
126,base_es,0.9475658535957336
126,tf_es,0.9468270540237427
127,base_tf,0.9608717560768127
127,base_es,0.9648647904396057
127,tf_es,0.9420590996742249
128,base_tf,0.9311106204986572
128,base_es,0.9335933923721313
128,tf_es,0.9049475789070129
129,base_tf,0.935870349407196
129,base_es,0.9608312845230103
129,tf_es,0.923961341381073
130,base_tf,0.8862664103507996
130,base_es,0.86684650182724
130,tf_es,0.9459735751152039
131,base_tf,0.9446669220924377
131,base_es,0.9211357235908508
131,tf_es,0.9228742718696594
132,base_tf,0.9360843896865845
132,base_es,0.9419432878494263
132,tf_es,0.857400119304657
133,base_tf,0.9481403231620789
133,base_es,0.9427609443664551
133,tf_es,0.924946129322052
134,base_tf,0.9582216739654541
134,base_es,0.9563120603561401
134,tf_es,0.9528797268867493
135,base_tf,0.9192160964012146
135,base_es,0.9514187574386597
135,tf_es,0.9022526144981384
136,base_tf,0.8905332684516907
136,base_es,0.8794161677360535
136,tf_es,0.9140904545783997
137,base_tf,0.9101719856262207
137,base_es,0.9041014313697815
137,tf_es,0.9205862879753113
138,base_tf,0.9502396583557129
138,base_es,0.905019998550415
138,tf_es,0.9001709222793579
139,base_tf,0.9369178414344788
139,base_es,0.9118483662605286
139,tf_es,0.87893146276474
140,base_tf,0.9222432374954224
140,base_es,0.9385026693344116
140,tf_es,0.8650632500648499
141,base_tf,0.9612406492233276
141,base_es,0.9624884724617004
141,tf_es,0.9642928838729858
142,base_tf,0.9489498138427734
142,base_es,0.9221516251564026
142,tf_es,0.9104825854301453
143,base_tf,0.9224221110343933
143,base_es,0.9214125275611877
143,tf_es,0.8993821740150452
144,base_tf,0.9698503017425537
144,base_es,0.9703118205070496
144,tf_es,0.9607138633728027
145,base_tf,0.9641400575637817
145,base_es,0.9696409106254578
145,tf_es,0.9598921537399292
146,base_tf,0.9563115835189819
146,base_es,0.9572500586509705
146,tf_es,0.9552097320556641
147,base_tf,0.9415270090103149
147,base_es,0.9476094841957092
147,tf_es,0.9483863711357117
148,base_tf,0.9410831332206726
148,base_es,0.9228311777114868
148,tf_es,0.9289290308952332
149,base_tf,0.9379479289054871
149,base_es,0.9406648874282837
149,tf_es,0.9509592652320862
150,base_tf,0.9561983346939087
150,base_es,0.9619565606117249
150,tf_es,0.9498772025108337
151,base_tf,0.9437761306762695
151,base_es,0.941623866558075
151,tf_es,0.9292625784873962
152,base_tf,0.9265409111976624
152,base_es,0.9470201730728149
152,tf_es,0.9004736542701721
153,base_tf,0.9510651230812073
153,base_es,0.9567360281944275
153,tf_es,0.9348374605178833
154,base_tf,0.9477319121360779
154,base_es,0.9425846934318542
154,tf_es,0.892008364200592
155,base_tf,0.9401745796203613
155,base_es,0.881447970867157
155,tf_es,0.867268443107605
156,base_tf,0.9459049701690674
156,base_es,0.9430554509162903
156,tf_es,0.9229534268379211
157,base_tf,0.9476005434989929
157,base_es,0.9460799098014832
157,tf_es,0.935126781463623
158,base_tf,0.9388077855110168
158,base_es,0.9477007985115051
158,tf_es,0.8918769955635071
159,base_tf,0.9371039271354675
159,base_es,0.944973886013031
159,tf_es,0.9100926518440247
160,base_tf,0.9010130763053894
160,base_es,0.912212073802948
160,tf_es,0.8833561539649963
161,base_tf,0.9406824111938477
161,base_es,0.953511118888855
161,tf_es,0.9176883697509766
162,base_tf,0.9503946900367737
162,base_es,0.9369252324104309
162,tf_es,0.9358677864074707
163,base_tf,0.9660465121269226
163,base_es,0.9662134051322937
163,tf_es,0.9620208144187927
164,base_tf,0.9516713619232178
164,base_es,0.9507561326026917
164,tf_es,0.9464618563652039
165,base_tf,0.9641373753547668
165,base_es,0.9668138027191162
165,tf_es,0.9510787725448608
166,base_tf,0.958552896976471
166,base_es,0.9193874001502991
166,tf_es,0.9043693542480469
167,base_tf,0.9610761404037476
167,base_es,0.9654790759086609
167,tf_es,0.9549051523208618
168,base_tf,0.9282373189926147
168,base_es,0.9411316514015198
168,tf_es,0.8992535471916199
169,base_tf,0.9192280769348145
169,base_es,0.9132880568504333
169,tf_es,0.8547936081886292
170,base_tf,0.9259721636772156
170,base_es,0.946690559387207
170,tf_es,0.8823312520980835
171,base_tf,0.9516142010688782
171,base_es,0.9652908444404602
171,tf_es,0.9598756432533264
172,base_tf,0.9276490807533264
172,base_es,0.9009720683097839
172,tf_es,0.8615100979804993
173,base_tf,0.9576128125190735
173,base_es,0.9280478954315186
173,tf_es,0.9278340935707092
174,base_tf,0.9441047310829163
174,base_es,0.8998074531555176
174,tf_es,0.8854312896728516
175,base_tf,0.9657084345817566
175,base_es,0.9275664687156677
175,tf_es,0.9202051758766174
176,base_tf,0.9305945038795471
176,base_es,0.952161967754364
176,tf_es,0.9238632321357727
177,base_tf,0.9508947730064392
177,base_es,0.9472480416297913
177,tf_es,0.9475155472755432
178,base_tf,0.9541149735450745
178,base_es,0.9287778735160828
178,tf_es,0.9173921942710876
179,base_tf,0.9208558201789856
179,base_es,0.9174150824546814
179,tf_es,0.9326461553573608
180,base_tf,0.9143828749656677
180,base_es,0.9061936736106873
180,tf_es,0.8901122212409973
181,base_tf,0.9229090213775635
181,base_es,0.9442764520645142
181,tf_es,0.8983355164527893
182,base_tf,0.8888282179832458
182,base_es,0.9120706915855408
182,tf_es,0.8746339678764343
183,base_tf,0.9442381262779236
183,base_es,0.9402843713760376
183,tf_es,0.9250581860542297
184,base_tf,0.9495663642883301
184,base_es,0.957716703414917
184,tf_es,0.9034197330474854
185,base_tf,0.9277259707450867
185,base_es,0.9227158427238464
185,tf_es,0.9175145030021667
186,base_tf,0.9225446581840515
186,base_es,0.9446977376937866
186,tf_es,0.85870760679245
187,base_tf,0.9421191215515137
187,base_es,0.8845193386077881
187,tf_es,0.8960699439048767
188,base_tf,0.9401587843894958
188,base_es,0.9468081593513489
188,tf_es,0.9211011528968811
189,base_tf,0.9405301213264465
189,base_es,0.9130709767341614
189,tf_es,0.8835426568984985
190,base_tf,0.90287846326828
190,base_es,0.9331496953964233
190,tf_es,0.8818475008010864
191,base_tf,0.8890157341957092
191,base_es,0.9009091258049011
191,tf_es,0.8477156758308411
192,base_tf,0.9298539161682129
192,base_es,0.9024933576583862
192,tf_es,0.8966892957687378
193,base_tf,0.8976729512214661
193,base_es,0.868034303188324
193,tf_es,0.8896910548210144
194,base_tf,0.9389781951904297
194,base_es,0.9418104887008667
194,tf_es,0.9189302921295166
195,base_tf,0.9406682848930359
195,base_es,0.9069957137107849
195,tf_es,0.9063642024993896
196,base_tf,0.9605740308761597
196,base_es,0.962002158164978
196,tf_es,0.9540723562240601
197,base_tf,0.9522119760513306
197,base_es,0.9521830677986145
197,tf_es,0.9430318474769592
198,base_tf,0.9495466351509094
198,base_es,0.9544163346290588
198,tf_es,0.9486991167068481
199,base_tf,0.9189936518669128
199,base_es,0.9426257014274597
199,tf_es,0.8898076415061951
200,base_tf,0.9661497473716736
200,base_es,0.9462366700172424
200,tf_es,0.9495405554771423
201,base_tf,0.9222609400749207
201,base_es,0.9545585513114929
201,tf_es,0.8873099684715271
202,base_tf,0.9436421990394592
202,base_es,0.9320240020751953
202,tf_es,0.9300264716148376
203,base_tf,0.909055769443512
203,base_es,0.9122483134269714
203,tf_es,0.8908721208572388
204,base_tf,0.8864557147026062
204,base_es,0.8658239245414734
204,tf_es,0.8307716250419617
205,base_tf,0.8291323781013489
205,base_es,0.833751916885376
205,tf_es,0.8982500433921814
206,base_tf,0.953273594379425
206,base_es,0.9213952422142029
206,tf_es,0.9145317673683167
207,base_tf,0.9192858338356018
207,base_es,0.8700681328773499
207,tf_es,0.8222227692604065
208,base_tf,0.949730634689331
208,base_es,0.9242010712623596
208,tf_es,0.9259467720985413
209,base_tf,0.9502769112586975
209,base_es,0.9160405993461609
209,tf_es,0.9038532376289368
210,base_tf,0.916084885597229
210,base_es,0.9417884945869446
210,tf_es,0.8959136605262756
211,base_tf,0.9536231160163879
211,base_es,0.9572919607162476
211,tf_es,0.9498249888420105
212,base_tf,0.9427786469459534
212,base_es,0.9493721127510071
212,tf_es,0.9195838570594788
213,base_tf,0.9229185581207275
213,base_es,0.9514517784118652
213,tf_es,0.9221013188362122
214,base_tf,0.9211984872817993
214,base_es,0.9193996787071228
214,tf_es,0.9350430965423584
215,base_tf,0.9401201605796814
215,base_es,0.9407258629798889
215,tf_es,0.9131659865379333
216,base_tf,0.892318069934845
216,base_es,0.9270891547203064
216,tf_es,0.8770399689674377
217,base_tf,0.9621879458427429
217,base_es,0.9656102657318115
217,tf_es,0.9587980508804321
218,base_tf,0.9306303858757019
218,base_es,0.9129948019981384
218,tf_es,0.9229188561439514
219,base_tf,0.9565330147743225
219,base_es,0.947903037071228
219,tf_es,0.943204939365387
220,base_tf,0.9291950464248657
220,base_es,0.9092838764190674
220,tf_es,0.8423877358436584
221,base_tf,0.9392284154891968
221,base_es,0.9411627054214478
221,tf_es,0.9330267906188965
222,base_tf,0.9057716727256775
222,base_es,0.911518394947052
222,tf_es,0.86578768491745
223,base_tf,0.9484724998474121
223,base_es,0.9506194591522217
223,tf_es,0.9340116381645203
224,base_tf,0.9600138664245605
224,base_es,0.9619479179382324
224,tf_es,0.9460705518722534
225,base_tf,0.9200302362442017
225,base_es,0.9102786183357239
225,tf_es,0.9010966420173645
226,base_tf,0.8966708779335022
226,base_es,0.8848363161087036
226,tf_es,0.7794057130813599
227,base_tf,0.9558507800102234
227,base_es,0.9497873783111572
227,tf_es,0.9444653987884521
228,base_tf,0.9376555681228638
228,base_es,0.9471651911735535
228,tf_es,0.9157375693321228
229,base_tf,0.9222387671470642
229,base_es,0.9214324355125427
229,tf_es,0.9008500576019287
230,base_tf,0.9488996863365173
230,base_es,0.9211816191673279
230,tf_es,0.9102767109870911
231,base_tf,0.9091405868530273
231,base_es,0.9252355694770813
231,tf_es,0.8544686436653137
232,base_tf,0.9345842003822327
232,base_es,0.8961426019668579
232,tf_es,0.8920642733573914
233,base_tf,0.9250749945640564
233,base_es,0.9410845637321472
233,tf_es,0.8489329218864441
234,base_tf,0.9480192065238953
234,base_es,0.9578121304512024
234,tf_es,0.9578381776809692
235,base_tf,0.8872973322868347
235,base_es,0.880577802658081
235,tf_es,0.8855247497558594
236,base_tf,0.9324451088905334
236,base_es,0.9386423230171204
236,tf_es,0.9277375340461731
237,base_tf,0.9271087050437927
237,base_es,0.9392732381820679
237,tf_es,0.9103294014930725
238,base_tf,0.8930384516716003
238,base_es,0.9049424529075623
238,tf_es,0.8242653012275696
239,base_tf,0.9155016541481018
239,base_es,0.8666322827339172
239,tf_es,0.8552678823471069
240,base_tf,0.926226794719696
240,base_es,0.935981810092926
240,tf_es,0.9057462811470032
241,base_tf,0.9336432814598083
241,base_es,0.9588466286659241
241,tf_es,0.9151262640953064
242,base_tf,0.8981152176856995
242,base_es,0.9353392124176025
242,tf_es,0.8777819871902466
243,base_tf,0.9373828768730164
243,base_es,0.9180493354797363
243,tf_es,0.89554363489151
244,base_tf,0.8919329643249512
244,base_es,0.9090662598609924
244,tf_es,0.8385734558105469
245,base_tf,0.9496680498123169
245,base_es,0.9483698010444641
245,tf_es,0.9426506161689758
246,base_tf,0.9553911685943604
246,base_es,0.9645834565162659
246,tf_es,0.9523648023605347
247,base_tf,0.9674957394599915
247,base_es,0.9665490984916687
247,tf_es,0.9589357972145081
248,base_tf,0.9592605233192444
248,base_es,0.9222481846809387
248,tf_es,0.9124454259872437
249,base_tf,0.9276193380355835
249,base_es,0.9425109624862671
249,tf_es,0.9023126363754272
250,base_tf,0.9534450173377991
250,base_es,0.9395713210105896
250,tf_es,0.9309528470039368
251,base_tf,0.9462115168571472
251,base_es,0.9284751415252686
251,tf_es,0.904397189617157
252,base_tf,0.9072839021682739
252,base_es,0.8968340754508972
252,tf_es,0.8333188891410828
253,base_tf,0.9436479210853577
253,base_es,0.9464348554611206
253,tf_es,0.9256395101547241
254,base_tf,0.9276441931724548
254,base_es,0.9307485222816467
254,tf_es,0.9107815623283386
255,base_tf,0.9609214663505554
255,base_es,0.9660683870315552
255,tf_es,0.9516885280609131
256,base_tf,0.9152418971061707
256,base_es,0.8747732043266296
256,tf_es,0.7849092483520508
257,base_tf,0.9340562224388123
257,base_es,0.9608134627342224
257,tf_es,0.928013265132904
258,base_tf,0.9384585022926331
258,base_es,0.9116671681404114
258,tf_es,0.8854624629020691
259,base_tf,0.9281938076019287
259,base_es,0.8954370617866516
259,tf_es,0.9208732843399048
260,base_tf,0.9352099299430847
260,base_es,0.9365030527114868
260,tf_es,0.9084640145301819
261,base_tf,0.9609408378601074
261,base_es,0.9581631422042847
261,tf_es,0.9558317065238953
262,base_tf,0.9485020637512207
262,base_es,0.9474298357963562
262,tf_es,0.9306890368461609
263,base_tf,0.9127981066703796
263,base_es,0.9306136965751648
263,tf_es,0.885612964630127
264,base_tf,0.9663651585578918
264,base_es,0.9477735161781311
264,tf_es,0.935003936290741
265,base_tf,0.9086810946464539
265,base_es,0.9171887040138245
265,tf_es,0.8864332437515259
266,base_tf,0.9347450137138367
266,base_es,0.917881965637207
266,tf_es,0.8995084166526794
267,base_tf,0.9586797952651978
267,base_es,0.9598644375801086
267,tf_es,0.9556487202644348
268,base_tf,0.9369457364082336
268,base_es,0.9472383856773376
268,tf_es,0.9306114315986633
269,base_tf,0.9537038803100586
269,base_es,0.9331767559051514
269,tf_es,0.8969131112098694
270,base_tf,0.9493979811668396
270,base_es,0.9501081109046936
270,tf_es,0.8979588747024536
271,base_tf,0.9398148059844971
271,base_es,0.9397215843200684
271,tf_es,0.9296523928642273
272,base_tf,0.9439864158630371
272,base_es,0.9287880063056946
272,tf_es,0.9111107587814331
273,base_tf,0.963451623916626
273,base_es,0.9263362288475037
273,tf_es,0.923385739326477
274,base_tf,0.92281574010849
274,base_es,0.9237850308418274
274,tf_es,0.9002934098243713
275,base_tf,0.9418972134590149
275,base_es,0.9579012989997864
275,tf_es,0.9357028603553772
276,base_tf,0.9385999441146851
276,base_es,0.8979379534721375
276,tf_es,0.8815581798553467
277,base_tf,0.9549735188484192
277,base_es,0.9553840160369873
277,tf_es,0.9524234533309937
278,base_tf,0.9567922949790955
278,base_es,0.9363647103309631
278,tf_es,0.9226318597793579
279,base_tf,0.9550002813339233
279,base_es,0.9534873962402344
279,tf_es,0.9469857811927795
280,base_tf,0.9050028920173645
280,base_es,0.9078445434570312
280,tf_es,0.8658748269081116
281,base_tf,0.9255433678627014
281,base_es,0.9239892959594727
281,tf_es,0.8888182640075684
282,base_tf,0.8932661414146423
282,base_es,0.9184747338294983
282,tf_es,0.8437176942825317
283,base_tf,0.9285203814506531
283,base_es,0.9330931305885315
283,tf_es,0.9159983396530151
284,base_tf,0.9347696304321289
284,base_es,0.9286278486251831
284,tf_es,0.9345192313194275
285,base_tf,0.8918721675872803
285,base_es,0.9107238054275513
285,tf_es,0.8912790417671204
286,base_tf,0.9503059983253479
286,base_es,0.9518651366233826
286,tf_es,0.9328427910804749
287,base_tf,0.9250151515007019
287,base_es,0.9534280300140381
287,tf_es,0.8978611826896667
288,base_tf,0.9439879059791565
288,base_es,0.9452279210090637
288,tf_es,0.9330472946166992
289,base_tf,0.9250379800796509
289,base_es,0.9226693511009216
289,tf_es,0.9095523953437805
290,base_tf,0.9419450759887695
290,base_es,0.9417492747306824
290,tf_es,0.9426947236061096
291,base_tf,0.9376890063285828
291,base_es,0.8830429315567017
291,tf_es,0.8790392279624939
292,base_tf,0.9523987174034119
292,base_es,0.9554774165153503
292,tf_es,0.9606055617332458
293,base_tf,0.9542283415794373
293,base_es,0.9525086283683777
293,tf_es,0.9517722725868225
294,base_tf,0.9129027724266052
294,base_es,0.9176680445671082
294,tf_es,0.8982236981391907
295,base_tf,0.9277017712593079
295,base_es,0.8991507887840271
295,tf_es,0.8825389742851257
296,base_tf,0.9637091159820557
296,base_es,0.9610384106636047
296,tf_es,0.9594597816467285
297,base_tf,0.8986810445785522
297,base_es,0.9108491539955139
297,tf_es,0.8432726263999939
298,base_tf,0.9582964777946472
298,base_es,0.9616267085075378
298,tf_es,0.9377724528312683
299,base_tf,0.9535895586013794
299,base_es,0.8864850997924805
299,tf_es,0.9047195315361023
300,base_tf,0.9275862574577332
300,base_es,0.9033799767494202
300,tf_es,0.9003852009773254
301,base_tf,0.9258076548576355
301,base_es,0.9402689337730408
301,tf_es,0.8982134461402893
302,base_tf,0.9327458739280701
302,base_es,0.928022563457489
302,tf_es,0.9160876274108887
303,base_tf,0.9591479301452637
303,base_es,0.9402729272842407
303,tf_es,0.9387856721878052
304,base_tf,0.9222193956375122
304,base_es,0.9410730600357056
304,tf_es,0.8815559148788452
305,base_tf,0.9460064768791199
305,base_es,0.9509327411651611
305,tf_es,0.9270234704017639
306,base_tf,0.9498292803764343
306,base_es,0.9392592310905457
306,tf_es,0.9291117787361145
307,base_tf,0.952450156211853
307,base_es,0.9374874830245972
307,tf_es,0.93407142162323
308,base_tf,0.9248307347297668
308,base_es,0.9359734654426575
308,tf_es,0.9308249354362488
309,base_tf,0.9502536654472351
309,base_es,0.926694929599762
309,tf_es,0.9232370257377625
310,base_tf,0.9451492428779602
310,base_es,0.9619714617729187
310,tf_es,0.9227784276008606
311,base_tf,0.9647795557975769
311,base_es,0.9477515816688538
311,tf_es,0.9243426322937012
312,base_tf,0.9641969203948975
312,base_es,0.9435001611709595
312,tf_es,0.9204835891723633
313,base_tf,0.9605421423912048
313,base_es,0.9590854048728943
313,tf_es,0.9565695524215698
314,base_tf,0.9355202317237854
314,base_es,0.8657383322715759
314,tf_es,0.8133874535560608
315,base_tf,0.928082287311554
315,base_es,0.9222649931907654
315,tf_es,0.8890236616134644
316,base_tf,0.9626066088676453
316,base_es,0.9584882259368896
316,tf_es,0.9318092465400696
317,base_tf,0.8833404183387756
317,base_es,0.8713869452476501
317,tf_es,0.8724231123924255
318,base_tf,0.9134309887886047
318,base_es,0.8717694878578186
318,tf_es,0.8706720471382141
319,base_tf,0.9495834112167358
319,base_es,0.9551275372505188
319,tf_es,0.9295818209648132
320,base_tf,0.8944246768951416
320,base_es,0.9074687361717224
320,tf_es,0.914004385471344
321,base_tf,0.8461291193962097
321,base_es,0.9262004494667053
321,tf_es,0.8104385733604431
322,base_tf,0.9400938749313354
322,base_es,0.8860315680503845
322,tf_es,0.88053959608078
323,base_tf,0.9110170006752014
323,base_es,0.8881310820579529
323,tf_es,0.8604232668876648
324,base_tf,0.9362451434135437
324,base_es,0.9544993042945862
324,tf_es,0.9284448623657227
325,base_tf,0.9614671468734741
325,base_es,0.8857638239860535
325,tf_es,0.8762425184249878
326,base_tf,0.9342586398124695
326,base_es,0.9124517440795898
326,tf_es,0.8892488479614258
327,base_tf,0.9214020371437073
327,base_es,0.8996807336807251
327,tf_es,0.9163872599601746
328,base_tf,0.930820643901825
328,base_es,0.9289003014564514
328,tf_es,0.9098863005638123
329,base_tf,0.9394928812980652
329,base_es,0.9336088299751282
329,tf_es,0.8785777688026428
330,base_tf,0.9291900992393494
330,base_es,0.8910371661186218
330,tf_es,0.8425617814064026
331,base_tf,0.9014644026756287
331,base_es,0.9048132300376892
331,tf_es,0.8619839549064636
332,base_tf,0.8776558041572571
332,base_es,0.863311231136322
332,tf_es,0.8383365273475647
333,base_tf,0.9603145718574524
333,base_es,0.9606330990791321
333,tf_es,0.953804075717926
334,base_tf,0.8899967074394226
334,base_es,0.896077036857605
334,tf_es,0.8754671812057495
335,base_tf,0.9251580238342285
335,base_es,0.9137126803398132
335,tf_es,0.8500844240188599
336,base_tf,0.9357523322105408
336,base_es,0.9329431056976318
336,tf_es,0.9287333488464355
337,base_tf,0.891654908657074
337,base_es,0.8573436737060547
337,tf_es,0.8316474556922913
338,base_tf,0.8823976516723633
338,base_es,0.89701247215271
338,tf_es,0.7979215979576111
339,base_tf,0.9112411141395569
339,base_es,0.9051521420478821
339,tf_es,0.9033392071723938
340,base_tf,0.9605405926704407
340,base_es,0.9363605380058289
340,tf_es,0.9281812906265259
341,base_tf,0.9482736587524414
341,base_es,0.9433585405349731
341,tf_es,0.9267926812171936
342,base_tf,0.9618692994117737
342,base_es,0.9449580311775208
342,tf_es,0.9394025802612305
343,base_tf,0.8852638006210327
343,base_es,0.9016602635383606
343,tf_es,0.8711276054382324
344,base_tf,0.9551183581352234
344,base_es,0.9618790745735168
344,tf_es,0.9493217468261719
345,base_tf,0.9211410284042358
345,base_es,0.9087588787078857
345,tf_es,0.8698229193687439
346,base_tf,0.9489061832427979
346,base_es,0.910810649394989
346,tf_es,0.8993226289749146
347,base_tf,0.9436638951301575
347,base_es,0.9280291199684143
347,tf_es,0.9059694409370422
348,base_tf,0.9288430213928223
348,base_es,0.9223117232322693
348,tf_es,0.8840309977531433
349,base_tf,0.9522879719734192
349,base_es,0.9463557004928589
349,tf_es,0.9378756284713745
350,base_tf,0.9339364171028137
350,base_es,0.947750985622406
350,tf_es,0.8810696005821228
351,base_tf,0.9144929647445679
351,base_es,0.9198253750801086
351,tf_es,0.8778583407402039
352,base_tf,0.9339662194252014
352,base_es,0.9326136708259583
352,tf_es,0.8934713006019592
353,base_tf,0.9256466031074524
353,base_es,0.9299187660217285
353,tf_es,0.8942192196846008
354,base_tf,0.9215498566627502
354,base_es,0.9013833403587341
354,tf_es,0.9153557419776917
355,base_tf,0.9318721890449524
355,base_es,0.8987212181091309
355,tf_es,0.8839148879051208
356,base_tf,0.957817554473877
356,base_es,0.9607484936714172
356,tf_es,0.9471034407615662
357,base_tf,0.9543029069900513
357,base_es,0.9432182908058167
357,tf_es,0.9376903772354126
358,base_tf,0.9267057180404663
358,base_es,0.9172937273979187
358,tf_es,0.8877025246620178
359,base_tf,0.8674352765083313
359,base_es,0.8980087637901306
359,tf_es,0.8041434288024902
360,base_tf,0.9245949983596802
360,base_es,0.9595233798027039
360,tf_es,0.8526234030723572
361,base_tf,0.8966858983039856
361,base_es,0.8740636110305786
361,tf_es,0.839889645576477
362,base_tf,0.9243659377098083
362,base_es,0.9043383002281189
362,tf_es,0.8588970303535461
363,base_tf,0.9066320061683655
363,base_es,0.9159186482429504
363,tf_es,0.889495313167572
364,base_tf,0.9049606323242188
364,base_es,0.8938109874725342
364,tf_es,0.8636385202407837
365,base_tf,0.8978684544563293
365,base_es,0.9158750772476196
365,tf_es,0.9192702174186707
366,base_tf,0.9133041501045227
366,base_es,0.9198669791221619
366,tf_es,0.8596568703651428
367,base_tf,0.9635576009750366
367,base_es,0.9612154364585876
367,tf_es,0.9646292924880981
368,base_tf,0.9341447949409485
368,base_es,0.9414299726486206
368,tf_es,0.9119495749473572
369,base_tf,0.9542680978775024
369,base_es,0.9557690024375916
369,tf_es,0.9455101490020752
370,base_tf,0.9535061120986938
370,base_es,0.9564850330352783
370,tf_es,0.9353071451187134
371,base_tf,0.9251061677932739
371,base_es,0.9167371392250061
371,tf_es,0.8920922875404358
372,base_tf,0.9622398018836975
372,base_es,0.8925907015800476
372,tf_es,0.8994685411453247
373,base_tf,0.9552673697471619
373,base_es,0.9482915997505188
373,tf_es,0.9441468119621277
374,base_tf,0.9636568427085876
374,base_es,0.9557477831840515
374,tf_es,0.9506881237030029
375,base_tf,0.9510768055915833
375,base_es,0.9412171840667725
375,tf_es,0.9403323531150818
376,base_tf,0.9552401900291443
376,base_es,0.9509221911430359
376,tf_es,0.9467107057571411
377,base_tf,0.9378343820571899
377,base_es,0.9400889277458191
377,tf_es,0.8883779644966125
378,base_tf,0.9399420619010925
378,base_es,0.9342455267906189
378,tf_es,0.9291679859161377
379,base_tf,0.9517702460289001
379,base_es,0.9574199914932251
379,tf_es,0.9529831409454346
380,base_tf,0.9455245733261108
380,base_es,0.937553346157074
380,tf_es,0.9328791499137878
381,base_tf,0.9391433596611023
381,base_es,0.9387082457542419
381,tf_es,0.9632053375244141
382,base_tf,0.9615079164505005
382,base_es,0.9686084389686584
382,tf_es,0.9420742392539978
383,base_tf,0.9337551593780518
383,base_es,0.9244999289512634
383,tf_es,0.8912814855575562
384,base_tf,0.8805056214332581
384,base_es,0.8475039601325989
384,tf_es,0.806788444519043
385,base_tf,0.9446054100990295
385,base_es,0.8914552330970764
385,tf_es,0.8920257687568665
386,base_tf,0.9031447172164917
386,base_es,0.9194428324699402
386,tf_es,0.9257314801216125
387,base_tf,0.9476003646850586
387,base_es,0.9577715396881104
387,tf_es,0.8951354622840881
388,base_tf,0.8827874064445496
388,base_es,0.9346551895141602
388,tf_es,0.8330290913581848
389,base_tf,0.9558191299438477
389,base_es,0.9526640176773071
389,tf_es,0.934231698513031
390,base_tf,0.9189084768295288
390,base_es,0.9018580913543701
390,tf_es,0.9066159129142761
391,base_tf,0.9398550987243652
391,base_es,0.9450566172599792
391,tf_es,0.8572245240211487
392,base_tf,0.9249189496040344
392,base_es,0.9090753197669983
392,tf_es,0.8795650601387024
393,base_tf,0.9200895428657532
393,base_es,0.9213598966598511
393,tf_es,0.8471367359161377
394,base_tf,0.8045847415924072
394,base_es,0.8296084403991699
394,tf_es,0.9110715985298157
395,base_tf,0.9362078905105591
395,base_es,0.9344015717506409
395,tf_es,0.9237707257270813
396,base_tf,0.9367678761482239
396,base_es,0.9286351799964905
396,tf_es,0.9275258779525757
397,base_tf,0.953116238117218
397,base_es,0.9531958699226379
397,tf_es,0.9441496133804321
398,base_tf,0.9484925270080566
398,base_es,0.9556588530540466
398,tf_es,0.9231497049331665
399,base_tf,0.929811954498291
399,base_es,0.9182316064834595
399,tf_es,0.9156741499900818
400,base_tf,0.9232773780822754
400,base_es,0.9142030477523804
400,tf_es,0.897561252117157
401,base_tf,0.9397964477539062
401,base_es,0.9121924638748169
401,tf_es,0.8865111470222473
402,base_tf,0.9523473978042603
402,base_es,0.9492717981338501
402,tf_es,0.9378886818885803
403,base_tf,0.9338517189025879
403,base_es,0.9364259243011475
403,tf_es,0.9002406001091003
404,base_tf,0.9270051121711731
404,base_es,0.9292261004447937
404,tf_es,0.9244702458381653
405,base_tf,0.9555606245994568
405,base_es,0.9622878432273865
405,tf_es,0.9376339316368103
406,base_tf,0.9453049898147583
406,base_es,0.9440804123878479
406,tf_es,0.9163394570350647
407,base_tf,0.9486920237541199
407,base_es,0.9528865814208984
407,tf_es,0.9339401721954346
408,base_tf,0.94048011302948
408,base_es,0.9495121836662292
408,tf_es,0.9247331023216248
409,base_tf,0.9309514164924622
409,base_es,0.9266117215156555
409,tf_es,0.8818894028663635
410,base_tf,0.9238091111183167
410,base_es,0.941102147102356
410,tf_es,0.8847836256027222
411,base_tf,0.9401898980140686
411,base_es,0.9332480430603027
411,tf_es,0.9055123329162598
412,base_tf,0.9282597899436951
412,base_es,0.9383185505867004
412,tf_es,0.8896110653877258
413,base_tf,0.9109664559364319
413,base_es,0.9313644170761108
413,tf_es,0.8690183758735657
414,base_tf,0.919390082359314
414,base_es,0.9391975998878479
414,tf_es,0.8905065655708313
415,base_tf,0.936497688293457
415,base_es,0.9353342652320862
415,tf_es,0.9042014479637146
416,base_tf,0.9532768130302429
416,base_es,0.9624937176704407
416,tf_es,0.9340320825576782
417,base_tf,0.9480999112129211
417,base_es,0.9519879221916199
417,tf_es,0.9404670000076294
418,base_tf,0.9034072756767273
418,base_es,0.9143956899642944
418,tf_es,0.8823276162147522
419,base_tf,0.9471218585968018
419,base_es,0.9551612734794617
419,tf_es,0.9222211241722107
420,base_tf,0.9494491815567017
420,base_es,0.9504913091659546
420,tf_es,0.9286696910858154
421,base_tf,0.9299243092536926
421,base_es,0.9403201341629028
421,tf_es,0.9155281186103821
422,base_tf,0.9027358293533325
422,base_es,0.9183912873268127
422,tf_es,0.8536670207977295
423,base_tf,0.9460068941116333
423,base_es,0.9479935169219971
423,tf_es,0.9421338438987732
424,base_tf,0.9075102806091309
424,base_es,0.9167301058769226
424,tf_es,0.8633249998092651
425,base_tf,0.8413596749305725
425,base_es,0.8493947386741638
425,tf_es,0.8227982521057129
426,base_tf,0.9089125990867615
426,base_es,0.8748308420181274
426,tf_es,0.8568911552429199
427,base_tf,0.884519636631012
427,base_es,0.901188850402832
427,tf_es,0.8523704409599304
428,base_tf,0.9209901690483093
428,base_es,0.918208122253418
428,tf_es,0.896845281124115
429,base_tf,0.953908383846283
429,base_es,0.960071861743927
429,tf_es,0.9437018632888794
430,base_tf,0.937583863735199
430,base_es,0.9577270150184631
430,tf_es,0.9196715950965881
431,base_tf,0.907030463218689
431,base_es,0.8890896439552307
431,tf_es,0.9273608326911926
432,base_tf,0.9461638331413269
432,base_es,0.9610118865966797
432,tf_es,0.9407081007957458
433,base_tf,0.889147937297821
433,base_es,0.9150382876396179
433,tf_es,0.847499668598175
434,base_tf,0.9460985660552979
434,base_es,0.9395037293434143
434,tf_es,0.9302940368652344
435,base_tf,0.9250382781028748
435,base_es,0.9233751893043518
435,tf_es,0.9415267109870911
436,base_tf,0.915519118309021
436,base_es,0.9202808737754822
436,tf_es,0.9035487174987793
437,base_tf,0.8843491673469543
437,base_es,0.9063690304756165
437,tf_es,0.8815470337867737
438,base_tf,0.9477562308311462
438,base_es,0.9536913633346558
438,tf_es,0.9343402981758118
439,base_tf,0.9277696013450623
439,base_es,0.930499792098999
439,tf_es,0.8611919283866882
440,base_tf,0.9388644099235535
440,base_es,0.9207282662391663
440,tf_es,0.8943279385566711
441,base_tf,0.925966739654541
441,base_es,0.8794599175453186
441,tf_es,0.8788623809814453
442,base_tf,0.9225965142250061
442,base_es,0.9194704294204712
442,tf_es,0.8667786717414856
443,base_tf,0.9156047105789185
443,base_es,0.9342390894889832
443,tf_es,0.8800801634788513
444,base_tf,0.9441443085670471
444,base_es,0.917759358882904
444,tf_es,0.8895998001098633
445,base_tf,0.9424043893814087
445,base_es,0.9287868142127991
445,tf_es,0.9176326990127563
446,base_tf,0.914387047290802
446,base_es,0.9176015257835388
446,tf_es,0.9227438569068909
447,base_tf,0.9419748783111572
447,base_es,0.9272604584693909
447,tf_es,0.9118923544883728
448,base_tf,0.9051214456558228
448,base_es,0.9406735897064209
448,tf_es,0.8849238157272339
449,base_tf,0.9531872272491455
449,base_es,0.9524297714233398
449,tf_es,0.9395456910133362
450,base_tf,0.9433119893074036
450,base_es,0.9549742937088013
450,tf_es,0.9155992865562439
451,base_tf,0.9051491618156433
451,base_es,0.9544318318367004
451,tf_es,0.8118277192115784
452,base_tf,0.9176700711250305
452,base_es,0.9137465357780457
452,tf_es,0.8749138116836548
453,base_tf,0.9369968175888062
453,base_es,0.9283118844032288
453,tf_es,0.9133921265602112
454,base_tf,0.9363505244255066
454,base_es,0.9552677869796753
454,tf_es,0.9171894192695618
455,base_tf,0.9431843757629395
455,base_es,0.9519805908203125
455,tf_es,0.9314613938331604
456,base_tf,0.8806309103965759
456,base_es,0.8653731346130371
456,tf_es,0.9040871262550354
457,base_tf,0.9629316926002502
457,base_es,0.9621821641921997
457,tf_es,0.9580897688865662
458,base_tf,0.9225321412086487
458,base_es,0.9170852899551392
458,tf_es,0.9319977164268494
459,base_tf,0.9467963576316833
459,base_es,0.9502487778663635
459,tf_es,0.9158941507339478
460,base_tf,0.9413891434669495
460,base_es,0.9502080678939819
460,tf_es,0.9205359220504761
461,base_tf,0.8859238028526306
461,base_es,0.8972168564796448
461,tf_es,0.8466213941574097
462,base_tf,0.9068954586982727
462,base_es,0.9015621542930603
462,tf_es,0.8679572939872742
463,base_tf,0.9530722498893738
463,base_es,0.9565358757972717
463,tf_es,0.9286503195762634
464,base_tf,0.9202974438667297
464,base_es,0.9476848840713501
464,tf_es,0.8954836130142212
465,base_tf,0.9409879446029663
465,base_es,0.9145235419273376
465,tf_es,0.8762729167938232
466,base_tf,0.9246110320091248
466,base_es,0.9231212139129639
466,tf_es,0.9048791527748108
467,base_tf,0.8671084642410278
467,base_es,0.8926143050193787
467,tf_es,0.8914283514022827
468,base_tf,0.9389801025390625
468,base_es,0.9342165589332581
468,tf_es,0.940790057182312
469,base_tf,0.9176381826400757
469,base_es,0.9218643307685852
469,tf_es,0.8965716361999512
470,base_tf,0.9083612561225891
470,base_es,0.8918917775154114
470,tf_es,0.9058358073234558
471,base_tf,0.9090778231620789
471,base_es,0.9268255233764648
471,tf_es,0.8838644027709961
472,base_tf,0.9464431405067444
472,base_es,0.9500654339790344
472,tf_es,0.9326172471046448
473,base_tf,0.9435920119285583
473,base_es,0.9393836855888367
473,tf_es,0.925436794757843
474,base_tf,0.9156578183174133
474,base_es,0.9045282006263733
474,tf_es,0.8800053000450134
475,base_tf,0.9262491464614868
475,base_es,0.9417349696159363
475,tf_es,0.9263201951980591
476,base_tf,0.8923311233520508
476,base_es,0.9230203032493591
476,tf_es,0.8507712483406067
477,base_tf,0.8272677063941956
477,base_es,0.8406277894973755
477,tf_es,0.9340844750404358
478,base_tf,0.8825625777244568
478,base_es,0.8772854208946228
478,tf_es,0.859886646270752
479,base_tf,0.9517521262168884
479,base_es,0.9430752396583557
479,tf_es,0.91681969165802
480,base_tf,0.9177947640419006
480,base_es,0.945461094379425
480,tf_es,0.9019824266433716
481,base_tf,0.9043881893157959
481,base_es,0.931037962436676
481,tf_es,0.8738800883293152
482,base_tf,0.9076857566833496
482,base_es,0.9282545447349548
482,tf_es,0.8957345485687256
483,base_tf,0.9461483359336853
483,base_es,0.9535906314849854
483,tf_es,0.9137179255485535
484,base_tf,0.8599780201911926
484,base_es,0.8829427361488342
484,tf_es,0.8270432353019714
485,base_tf,0.9108017086982727
485,base_es,0.9534520506858826
485,tf_es,0.8713353276252747
486,base_tf,0.8636803030967712
486,base_es,0.8716039061546326
486,tf_es,0.8687514066696167
487,base_tf,0.9417905211448669
487,base_es,0.9481181502342224
487,tf_es,0.9280393123626709
488,base_tf,0.9025743007659912
488,base_es,0.9301542639732361
488,tf_es,0.8963109850883484
489,base_tf,0.9272817373275757
489,base_es,0.9352344870567322
489,tf_es,0.9052720069885254
490,base_tf,0.9001324772834778
490,base_es,0.9230619072914124
490,tf_es,0.8663515448570251
491,base_tf,0.9446949362754822
491,base_es,0.9250032305717468
491,tf_es,0.8989196419715881
492,base_tf,0.9041076302528381
492,base_es,0.9096705317497253
492,tf_es,0.8955445289611816
493,base_tf,0.9448261857032776
493,base_es,0.9400009512901306
493,tf_es,0.9199522137641907
494,base_tf,0.9385186433792114
494,base_es,0.9342202544212341
494,tf_es,0.9108005166053772
495,base_tf,0.916772723197937
495,base_es,0.9255173802375793
495,tf_es,0.9142053723335266
496,base_tf,0.9347134232521057
496,base_es,0.9274396300315857
496,tf_es,0.9263353943824768
497,base_tf,0.9025111794471741
497,base_es,0.9112560153007507
497,tf_es,0.8770596385002136
498,base_tf,0.9545127749443054
498,base_es,0.9551544785499573
498,tf_es,0.9419190883636475
499,base_tf,0.9165003299713135
499,base_es,0.9070389866828918
499,tf_es,0.8907677531242371
500,base_tf,0.9026727676391602
500,base_es,0.9272529482841492
500,tf_es,0.8412166237831116
